,VOC,JSC,FF,PCE
0,687.0,10.79,0.7,5.19
7,678.0,13.2,0.67,6.0
8,695.0,12.2,0.74,6.2
9,800.0,9.0,0.76,5.5
10,560.0,3.41,0.73,1.39
11,660.0,7.72,0.71,3.62
12,600.0,4.03,0.73,1.77
13,690.0,5.79,0.7,2.8
14,580.0,3.33,0.73,1.41
16,380.0,4.5,0.63,1.1
17,340.0,2.7,0.63,0.6
18,490.0,7.5,0.7,2.6
19,480.0,12.8,0.6,3.7
22,530.0,13.2,0.67,4.7
23,500.0,9.4,0.65,3.1
24,500.0,12.9,0.64,4.1
26,410.0,4.1,0.56,0.9
27,660.0,12.1,0.73,5.8
29,700.0,14.3,0.64,6.4
30,796.0,6.98,0.87,3.81
35,540.0,14.7,0.49,3.9
48,663.0,18.01,0.7616,9.09
49,690.0,9.79,0.71,4.78
50,500.0,0.96,0.69,0.33
51,660.0,7.72,0.71,3.62
52,554.0,2.98,0.63,1.04
53,704.0,4.57,0.724,2.33
56,711.0,6.21,0.729,3.22
58,756.0,8.98,0.69,4.66
60,580.0,14.3,0.72,5.97
62,560.0,13.3,0.68,5.03
63,600.0,14.2,0.7,6.07
64,620.0,10.5,0.57,3.73
65,570.0,13.3,0.56,4.37
68,610.0,16.5,0.76,7.6
72,510.0,14.32,0.73,5.3
84,620.0,15.5,0.7,6.7
92,640.0,16.9,0.72,7.8
95,510.0,11.1,0.6,3.4
99,600.0,14.0,0.71,6.0
101,670.0,14.7,0.73,7.2
102,491.0,2.461,0.635,0.767
103,501.0,2.082,0.614,0.64
104,502.0,1.081,0.66,0.358
105,470.0,1.912,0.69,0.581
106,441.0,1.754,0.683,0.528
107,490.0,0.936,0.651,0.299
108,610.0,13.47,0.68,5.53
110,561.0,10.5,0.68,4.02
113,536.0,8.36,0.72,3.24
114,590.0,12.91,0.61,4.59
116,550.0,2.18,0.69,1.03
118,710.0,10.4,0.74,5.5
119,740.0,9.9,0.74,5.4
122,710.0,12.9,0.74,6.8
123,680.0,12.5,0.69,5.9
126,588.0,5.09,0.735,2.2
128,694.0,16.38,0.707,8.03
132,760.0,10.4,0.72,5.2
133,748.0,8.3,0.73,4.1
134,731.0,7.5,0.71,3.5
135,709.0,6.79,0.7,3.1
142,620.0,10.94,0.7,4.7
143,540.0,9.52,0.65,3.36
144,610.0,12.97,0.64,5.06
146,670.0,14.53,0.61,5.94
147,690.0,14.33,0.63,6.24
148,720.0,10.9,0.57,2.48
149,710.0,4.12,0.71,1.65
150,610.0,8.47,0.6,2.39
154,690.0,12.16,0.69,4.68
161,610.0,11.43,0.69,4.66
163,609.0,9.83,0.7,5.02
164,714.0,11.5,0.66,5.15
165,874.0,7.85,0.71,3.87
166,919.0,9.11,0.68,3.76
174,700.0,14.5,0.69,7.3
175,650.0,16.0,0.71,8.1
176,741.0,3.76,0.77,1.79
177,636.0,1.39,0.73,0.55
178,675.0,12.52,0.676,5.6
181,448.0,6.0,0.732,2.0
182,580.0,13.75,0.69,5.52
183,706.0,16.36,0.645,7.5
184,730.0,12.08,0.69,5.07
185,767.0,10.99,0.69,5.4
186,792.0,10.2,0.65,5.1
187,580.0,9.71,0.72,5.3
188,660.0,9.73,0.72,5.4
189,938.0,3.9,0.681,1.56
190,627.0,7.37,0.686,3.29
191,620.0,8.3,0.738,3.8
192,632.0,4.85,0.735,2.36
193,639.0,3.22,0.73,1.53
194,673.0,2.43,0.711,1.2
195,638.0,9.68,0.74,4.56
196,830.0,13.33,0.62,6.87
197,830.0,14.33,0.65,7.78
198,800.0,13.03,0.67,6.98
202,820.0,10.25,0.6,5.05
204,540.0,3.64,0.65,1.29
205,525.0,3.94,0.628,1.3
206,425.0,1.57,0.635,0.4
207,675.0,14.96,0.682,6.8
208,575.0,1.28,0.58,0.5
209,615.0,3.64,0.57,1.3
210,698.0,3.87,0.65,1.8
211,683.0,4.46,0.6,1.9
212,638.0,3.33,0.57,1.2
213,613.0,1.07,0.53,0.4
214,627.0,1.77,0.59,0.6
215,607.0,2.0,0.58,0.7
217,818.5,9.23,0.7597,5.74
218,768.7,10.26,0.7224,5.7
219,781.7,10.2,0.755,6.02
220,730.6,10.98,0.7213,5.78
221,734.0,13.01,0.68,6.49
223,679.0,9.13,0.71,4.4
224,705.0,12.63,0.69,6.14
225,748.0,14.02,0.68,7.13
226,710.0,12.96,0.71,6.63
227,636.0,18.692,0.6137,7.3
228,606.0,15.864,0.6287,6.04
229,530.0,5.63,0.68,2.02
230,690.0,9.36,0.69,4.47
231,645.0,15.18,0.69,6.72
232,708.0,11.69,0.653,5.4
234,662.0,9.77,0.671,4.34
235,635.0,6.71,0.66,2.83
241,710.0,13.6,0.736,7.1
242,702.0,13.1,0.748,6.9
243,429.0,6.0,0.734,1.9
245,440.0,5.6,0.738,1.8
247,404.0,4.9,0.726,1.4
249,740.0,6.98,0.69,3.56
250,740.0,7.86,0.71,4.13
251,628.0,6.94,0.75,3.26
252,656.0,11.65,0.68,5.16
253,720.0,11.1,0.749,6.0
254,615.0,14.5,0.67,6.1
256,680.0,11.19,0.6497,4.97
257,660.0,8.5,0.79,4.4
260,714.0,13.2,0.768,7.3
261,693.0,13.26,0.741,6.8
262,640.0,14.23,0.719,6.6
267,690.0,15.88,0.67,7.31
269,680.0,14.82,0.68,6.85
270,670.0,13.52,0.69,6.29
272,720.0,11.07,0.7,5.55
274,769.0,13.98,0.73,7.8
275,744.0,12.58,0.71,6.6
277,741.0,12.47,0.68,6.32
279,677.0,11.28,0.69,5.23
280,715.0,14.37,0.66,6.82
281,633.0,12.35,0.66,5.12
282,721.0,13.35,0.66,6.34
283,510.0,7.06,0.67,2.43
284,720.0,14.55,0.62,6.4
285,762.0,13.54,0.69,7.1
286,715.0,5.73,0.69,2.82
287,768.0,11.2,0.75,6.53
288,691.0,15.2,0.7,7.44
289,584.0,9.43,0.69,3.78
290,592.0,10.84,0.69,4.41
291,505.0,7.39,0.68,2.48
295,660.0,11.12,0.63,4.6
296,670.0,13.66,0.61,5.6
298,690.0,14.42,0.63,6.22
299,710.0,11.65,0.63,5.22
300,630.0,10.9,0.62,4.24
301,710.0,11.12,0.61,4.8
303,590.0,6.2,0.61,2.22
307,650.0,11.79,0.651,5.02
308,723.0,14.97,0.635,6.87
309,775.0,15.32,0.689,8.18
310,797.0,14.75,0.687,8.08
311,716.0,12.08,0.68,5.87
312,799.0,13.31,0.712,7.57
313,829.0,12.38,0.655,6.72
314,767.0,12.43,0.643,6.13
315,742.0,9.68,0.713,5.12
316,748.0,7.62,0.698,3.98
318,660.0,4.83,0.74,2.4
325,690.0,13.2,0.62,5.63
326,680.0,12.91,0.62,5.45
327,826.0,12.18,0.65,6.55
328,793.0,10.76,0.64,5.51
329,711.0,5.27,0.72,2.69
330,804.0,11.41,0.63,5.76
331,789.0,12.62,0.63,6.29
332,759.0,11.82,0.65,5.84
334,743.0,6.81,0.62,3.92
335,759.0,12.2,0.58,5.3
336,746.0,14.1,0.58,6.1
337,755.0,11.68,0.6,5.25
341,559.0,5.93,0.676,2.24
342,672.0,12.01,0.696,5.62
343,717.0,16.13,0.681,7.87
344,746.0,16.65,0.642,7.98
345,783.0,15.18,0.679,8.07
346,802.0,10.35,0.69,5.73
347,768.0,8.47,0.7,4.54
348,785.0,8.65,0.71,4.79
349,773.0,8.56,0.69,4.53
353,682.0,14.43,0.69,6.79
354,680.0,12.64,0.7,6.02
355,635.0,10.86,0.71,4.9
356,691.0,12.75,0.69,6.06
357,709.0,6.13,0.67,2.91
358,610.0,9.99,0.71,4.36
364,745.7,11.68,0.6995,6.09
365,724.5,12.05,0.7233,6.32
366,771.7,12.18,0.7002,6.58
369,660.0,8.36,0.74,4.07
370,650.0,8.03,0.75,3.88
371,660.0,6.5,0.75,3.21
372,587.0,4.45,0.7,1.83
373,570.0,4.7,0.78,2.1
378,753.0,7.11,0.65,4.33
381,655.0,8.2,0.71,3.8
382,830.0,12.69,0.69,7.33
384,850.0,13.81,0.69,8.06
385,830.0,13.56,0.7,7.88
386,820.0,11.63,0.68,6.49
397,673.0,12.76,0.62,5.31
398,577.0,11.87,0.59,4.07
399,642.0,14.79,0.57,5.42
400,726.0,15.3,0.62,6.86
404,774.0,12.9,0.7,7.0
405,691.0,15.2,0.7,7.4
406,720.0,12.07,0.685,6.0
407,694.0,10.84,0.724,5.4
408,726.0,11.56,0.719,6.0
409,645.0,9.19,0.725,4.3
410,645.0,14.71,0.673,6.4
411,510.0,1.12,0.57,0.33
412,697.0,12.52,0.68,5.93
413,628.0,10.32,0.6022,3.91
414,681.0,11.96,0.6015,4.9
415,758.0,9.01,0.71,4.87
423,610.0,8.94,0.68,3.66
424,650.0,12.27,0.66,5.21
425,760.0,16.67,0.66,8.42
426,710.0,14.22,0.66,6.66
427,620.0,10.75,0.67,4.51
433,500.0,1.2,0.54,0.33
435,690.0,10.11,0.7223,5.09
436,660.0,10.75,0.675,4.86
437,390.0,14.4,0.54,3.0
439,606.4,9.09,0.66,3.66
441,646.1,7.47,0.69,3.31
442,630.2,7.53,0.68,3.24
445,622.3,13.08,0.64,5.17
447,550.8,7.38,0.61,2.49
451,653.0,11.72,0.6876,5.26
452,628.3,11.11,0.7038,4.91
453,639.9,11.35,0.6709,4.87
454,685.0,13.4,0.7,6.4
458,652.0,8.65,0.63,3.55
459,540.0,2.64,0.64,0.92
470,820.0,11.63,0.68,6.49
472,850.0,13.81,0.69,8.06
473,850.0,13.9,0.71,8.36
474,830.0,12.69,0.69,7.33
475,690.0,9.64,0.6,4.01
476,610.0,10.37,0.59,3.76
478,730.0,11.1,0.78,6.3
486,628.0,8.09,0.68,3.46
487,669.0,13.35,0.62,5.53
488,620.0,8.28,0.68,3.49
489,580.0,3.2,0.69,1.3
490,658.0,7.59,0.63,3.31
491,664.0,7.07,0.66,3.1
492,660.0,9.06,0.63,3.58
493,648.0,10.03,0.66,4.38
494,726.0,17.76,0.58,7.54
495,548.0,2.37,0.695,0.9
497,527.0,2.21,0.384,0.45
498,704.0,9.62,0.671,4.55
499,656.0,6.45,0.643,2.72
501,740.0,15.22,0.69,7.78
503,730.0,12.69,0.68,6.33
504,740.0,11.46,0.69,5.88
512,640.0,7.5,0.65,3.12
514,705.0,12.6,0.63,5.6
515,736.0,13.38,0.65,6.42
516,599.0,10.47,0.64,4.01
517,679.0,7.01,0.7,3.31
518,739.0,15.69,0.69,7.94
519,487.0,3.6,0.7,1.23
520,590.0,13.64,0.66,5.31
521,451.0,7.3,0.69,2.26
522,580.0,11.85,0.67,4.61
523,634.7,11.6,0.7011,5.2
524,738.1,10.2,0.6881,5.2
527,660.0,5.72,0.65,2.44
528,796.0,12.49,0.748,7.44
529,797.0,11.78,0.707,6.64
530,814.0,11.38,0.726,6.72
531,764.0,10.9,0.728,6.06
533,695.0,8.817,0.68,4.03
535,675.0,5.76,0.6853,2.66
536,558.0,2.73,0.7346,1.12
537,780.0,15.42,0.68,8.5
538,700.0,9.95,0.64,4.4
540,734.0,12.06,0.6006,5.32
541,730.0,12.63,0.6175,5.64
542,745.0,13.11,0.66,6.17
543,739.0,14.68,0.68,7.11
544,745.0,16.92,0.67,7.97
545,713.0,15.99,0.66,7.55
546,728.0,13.1,0.72,6.87
551,780.0,13.84,0.71,7.66
552,720.0,11.51,0.73,6.05
553,780.0,11.86,0.73,6.75
554,680.0,10.02,0.73,4.97
555,670.0,9.33,0.73,4.56
556,730.0,8.6,0.7,4.39
557,745.0,14.2,0.71,7.56
558,757.0,15.3,0.71,8.28
559,705.0,14.0,0.69,6.82
560,648.0,10.8,0.6365,4.5
561,528.5,4.8,0.5935,1.5
562,740.0,11.11,0.59,4.84
563,710.0,11.44,0.69,5.6
565,512.0,7.7,0.67,2.65
566,548.0,11.82,0.7,4.52
567,522.0,10.02,0.67,3.52
569,640.0,13.7,0.752,6.61
571,693.0,9.17,0.5307,3.37
572,690.0,10.54,0.63,4.63
573,680.0,12.21,0.65,5.46
574,590.0,12.16,0.68,4.89
575,550.0,9.44,0.63,3.24
576,500.0,6.46,0.71,2.28
577,490.0,6.17,0.71,2.14
578,756.0,12.26,0.66,6.14
579,740.0,11.92,0.66,5.85
580,705.0,10.92,0.68,5.25
581,670.0,10.56,0.63,4.46
583,719.0,9.67,0.72,5.0
584,670.0,3.76,0.74,1.89
585,650.0,6.89,0.73,3.28
586,700.0,6.71,0.66,3.13
587,658.0,10.6,0.7,4.91
588,610.0,14.2,0.67,5.8
589,640.0,13.5,0.66,5.7
590,571.0,2.22,0.73,0.93
591,661.0,6.7,0.64,2.82
592,742.0,17.18,0.59,7.48
593,688.0,15.4,0.62,6.56
594,661.0,14.63,0.63,6.14
595,680.0,15.92,0.74,8.01
596,670.0,16.37,0.74,8.12
600,690.0,11.5,0.69,5.52
601,700.0,10.58,0.66,4.87
603,680.0,12.23,0.64,5.34
604,473.0,0.379,0.65,0.12
605,695.0,8.713,0.68,4.0
606,694.4,10.88,0.65,4.87
607,546.0,10.91,0.61,3.61
608,670.0,13.0,0.66,5.75
609,720.0,15.5,0.69,7.7
610,780.0,12.8,0.68,7.0
611,820.0,11.57,0.6826,6.7
612,720.0,19.09,0.56,7.69
619,846.0,21.3,0.58,10.45
620,846.0,24.2,0.59,12.1
621,773.0,9.2,0.6,4.27
622,763.0,9.6,0.58,4.2
623,757.0,2.9,0.59,1.3
624,758.0,3.9,0.59,1.7
628,1041.0,6.17,0.7,3.4
630,760.0,3.07,0.74,1.54
631,710.0,5.04,0.72,2.54
632,770.0,7.2,0.68,3.23
633,770.0,1.712,0.641,0.695
634,700.0,10.29,0.68,4.87
635,547.0,4.31,0.692,1.63
637,646.0,8.59,0.717,3.97
638,680.0,8.58,0.699,4.08
640,635.0,7.35,0.67,3.64
641,666.0,9.7,0.68,4.8
642,601.0,11.31,0.71,5.69
643,612.0,9.94,0.69,4.82
644,750.0,9.98,0.67,4.62
645,740.0,5.72,0.48,2.03
648,670.0,8.45,0.7,4.44
650,630.0,4.0,0.796,3.68
653,730.0,7.12,0.781,5.22
656,562.0,8.25,0.64,2.98
657,666.0,15.6,0.62,6.44
658,616.0,16.2,0.61,6.1
659,630.0,12.5,0.61,4.77
660,760.0,7.09,0.71,3.9
661,710.0,5.65,0.72,2.9
662,770.0,7.11,0.73,4.0
665,555.0,2.186,0.626,0.819
667,628.0,19.3,0.59,7.2
669,660.0,15.3,0.6,6.05
670,680.0,4.39,0.71,2.15
671,595.0,5.76,0.71,2.43
672,670.0,4.18,0.74,2.09
674,730.0,13.8,0.73,7.4
676,680.0,13.1,0.73,6.5
677,630.0,13.2,0.7,5.9
678,700.0,15.5,0.62,6.7
679,710.0,15.4,0.67,7.3
680,710.0,10.34,0.51,3.6
681,708.0,16.0,0.67,7.62
682,701.0,14.8,0.63,6.48
683,742.0,14.1,0.67,7.03
684,460.0,4.52,0.44,0.9
685,589.0,7.61,0.63,2.81
686,320.0,1.85,0.67,0.39
688,720.0,4.75,0.71,2.4
689,780.0,6.08,0.68,3.2
690,780.0,5.87,0.72,3.3
691,660.0,4.55,0.58,1.8
693,712.0,11.43,0.73,7.52
697,770.0,7.06,0.74,4.0
698,555.0,2.79,0.64,0.99
699,635.0,9.98,0.66,4.22
700,666.0,11.22,0.66,4.95
701,601.0,15.78,0.64,6.04
702,612.0,14.0,0.64,5.48
703,750.0,9.9,0.67,4.97
705,670.0,10.16,0.64,4.36
706,740.0,10.41,0.46,3.54
707,700.0,11.38,0.6,4.78
710,740.0,14.0,0.74,7.7
711,630.0,10.8,0.71,4.8
716,720.0,10.9,0.71,5.6
717,690.0,5.41,0.63,2.35
718,674.0,4.2,0.66,1.88
719,793.0,10.76,0.64,5.51
720,682.0,4.55,0.69,2.14
722,720.0,10.8,0.64,5.7
723,762.0,7.51,0.76,4.35
724,650.0,3.3,0.67,1.44
725,750.0,8.59,0.71,4.57
726,740.0,4.7,0.73,2.52
727,760.0,8.47,0.7,4.54
728,720.0,3.69,0.7,1.87
729,630.0,11.27,0.61,4.35
730,680.0,12.22,0.6,4.96
731,700.0,9.14,0.63,4.05
733,710.0,8.43,0.63,3.74
735,621.0,6.2,0.67,2.6
736,656.0,7.64,0.6848,4.04
738,766.0,5.18,0.5081,2.37
740,701.0,10.52,0.68,5.01
742,712.0,9.36,0.67,4.47
744,570.0,7.44,0.67,2.82
745,600.0,11.74,0.63,4.41
746,620.0,10.12,0.68,4.26
747,640.0,10.63,0.67,4.55
748,550.0,9.99,0.66,3.64
749,610.0,12.66,0.62,4.82
751,600.0,10.2,0.7,4.28
752,540.0,6.84,0.73,2.68
753,560.0,9.18,0.73,3.74
754,540.0,6.3,0.76,2.58
755,642.0,9.8,0.63,4.0
756,615.0,7.4,0.66,3.0
757,640.0,7.6,0.64,3.1
758,538.0,3.33,0.688,1.23
759,588.0,4.68,0.703,1.94
760,461.0,0.69,0.59,0.19
761,432.0,1.0,0.621,0.24
762,577.0,9.06,0.679,3.55
763,700.0,14.29,0.73,7.33
764,634.0,14.6,0.62,5.76
765,520.0,4.47,0.58,1.36
770,757.0,14.1,0.71,7.58
771,738.0,13.9,0.68,6.98
772,745.0,15.2,0.71,8.09
773,729.0,12.6,0.68,6.25
774,744.0,14.8,0.68,7.54
775,757.0,13.8,0.66,6.93
776,729.0,12.4,0.66,6.01
777,640.0,7.57,0.5282,2.55
778,620.0,4.04,0.6385,1.59
779,660.0,9.78,0.5664,3.68
780,690.0,7.05,0.5265,2.56
781,586.0,4.25,0.71,1.77
783,643.0,10.65,0.71,4.86
784,586.0,9.98,0.74,4.3
785,589.0,6.7,0.74,2.94
786,601.0,6.17,0.74,2.74
788,742.0,18.75,0.41,6.71
789,745.0,19.33,0.473,8.01
792,547.0,1.35,0.728,0.54
793,568.0,2.55,0.665,0.96
794,650.0,9.32,0.7,4.24
796,725.0,14.46,0.72,8.51
797,680.0,9.8,0.69,4.6
798,760.0,8.9,0.73,4.9
800,610.0,10.5,0.65,4.2
802,915.0,16.88,0.754,11.6
803,629.0,13.05,0.69,5.66
804,676.6,12.57,0.63,5.39
805,450.0,0.75,0.629,0.22
806,550.0,6.92,0.653,2.49
807,400.0,0.24,0.614,0.06
808,350.0,0.2,0.485,0.04
810,529.0,2.27,0.59,0.82
812,633.0,13.4,0.688,5.8
813,596.0,11.5,0.61,4.2
814,536.0,6.02,0.53,1.78
816,540.0,5.2,0.62,1.7
817,650.0,11.2,0.64,4.6
818,13.4,700.0,0.68,6.4
819,550.0,4.48,0.64,1.58
820,448.0,2.99,0.67,0.89
821,568.0,7.04,0.59,2.35
822,568.0,5.16,0.62,1.81
823,548.0,5.63,0.6,1.84
824,540.0,5.8,0.6,1.89
825,522.0,3.35,0.62,1.15
826,524.0,3.16,0.63,1.04
827,520.0,3.07,0.61,0.97
830,503.0,2.96,0.61,0.91
833,487.0,9.15,0.68,3.02
839,540.0,6.94,0.62,2.34
840,550.0,6.76,0.57,2.11
841,590.0,6.66,0.7,2.75
842,650.0,11.33,0.71,5.24
843,670.0,6.95,0.75,3.48
844,630.0,5.02,0.72,2.28
845,688.0,14.28,0.69,7.0
846,600.0,13.7,0.42,3.4
847,700.0,10.3,0.68,4.9
850,883.0,16.71,0.722,10.7
851,887.0,14.78,0.749,9.8
852,824.0,12.06,0.76,7.6
854,940.0,5.69,0.7,3.76
861,529.0,2.27,0.59,0.82
862,565.0,6.0,0.648,2.2
863,535.0,8.28,0.657,2.91
864,520.0,9.8,0.633,3.23
865,657.0,10.67,0.68,4.8
866,1036.0,15.6,0.774,12.5
871,814.0,15.8,0.753,9.68
872,821.0,15.1,0.752,9.32
875,6.43,660.0,0.61,2.56
876,12.8,450.0,0.59,3.39
877,665.0,11.04,0.72,5.27
878,665.0,11.3,0.69,5.21
879,649.0,13.14,0.68,5.83
880,710.0,11.46,0.68,6.16
881,740.0,11.67,0.68,6.33
882,720.0,11.47,0.67,5.87
883,580.0,2.09,0.62,0.75
884,600.0,5.84,0.62,2.17
885,660.0,8.91,0.55,3.17
886,680.0,10.41,0.6,4.27
887,620.0,7.31,0.57,2.58
888,353.0,7.53,0.57,1.52
889,314.0,3.47,0.61,0.66
890,844.0,10.18,0.776,6.7
891,669.0,13.76,0.691,6.36
892,660.0,6.4,0.71,3.0
893,630.0,6.24,0.65,2.57
894,120.0,0.12,0.42,0.0058
895,660.0,8.4,0.57,3.18
896,660.0,10.52,0.69,4.78
897,620.0,9.74,0.71,4.33
898,660.0,7.21,0.71,3.38
899,696.0,6.3,0.7,3.2
901,335.0,1.08,0.53,0.19
903,570.0,7.6,0.63,2.7
904,580.0,8.1,0.68,3.2
905,660.0,9.4,0.65,4.0
906,756.0,9.54,0.62,4.45
909,617.0,6.24,0.702,2.7
912,642.0,5.96,0.705,2.7
913,523.0,7.03,0.605,2.23
915,545.0,3.6,0.71,1.39
916,636.0,7.37,0.61,2.86
917,545.0,8.8,0.71,3.41
919,689.0,5.71,0.65,3.01
920,597.0,3.88,0.63,1.73
921,614.0,1.5,0.58,0.63
922,565.1,4.62,0.745,1.95
925,488.7,2.45,0.69,0.83
927,381.8,1.13,0.693,0.3
929,370.7,1.9,0.656,0.46
930,598.3,4.53,0.751,2.03
931,523.2,1.61,0.731,0.61
932,720.0,12.86,0.72,6.65
933,560.0,7.46,0.6,2.49
934,319.0,0.68,0.51,0.11
935,590.0,15.3,0.44,4.7
937,640.0,9.2,0.66,4.1
938,480.0,4.6,0.62,1.37
939,542.0,5.88,0.64,2.04
940,304.0,0.47,0.49,0.07
941,485.0,5.28,0.62,1.51
942,299.0,0.4,0.48,0.06
943,416.0,1.51,0.5,0.31
944,523.0,4.76,0.59,1.47
953,610.0,7.5,0.707,3.23
954,630.0,10.5,0.677,4.49
955,516.0,1.99,0.61,0.62
956,552.0,2.42,0.66,0.89
957,445.0,0.56,0.58,0.14
958,516.0,3.96,0.64,1.31
959,564.0,5.65,0.62,1.97
961,530.0,2.46,0.55,0.72
962,370.0,0.14,0.5,0.03
963,380.0,0.15,0.51,0.03
965,390.0,0.18,0.53,0.04
967,527.0,6.6,0.589,2.1
969,535.0,8.2,0.624,2.7
972,486.0,3.6,0.632,1.1
976,543.0,6.99,0.62,2.35
978,521.0,6.39,0.57,1.91
980,514.0,6.87,0.66,2.34
985,600.0,11.2,0.67,4.49
987,597.0,12.0,0.63,4.53
988,537.0,10.0,0.64,3.44
991,522.0,8.84,0.63,2.92
993,580.0,9.27,0.67,3.61
995,568.0,8.54,0.67,3.27
997,620.0,6.5,0.7,2.8
998,385.0,5.76,0.55,1.23
999,657.0,11.94,0.66,5.16
1000,665.0,11.04,0.72,5.27
1002,683.0,17.87,0.66,8.01
1003,592.0,14.64,0.68,5.85
1004,680.0,12.59,0.71,6.04
1005,690.0,13.54,0.71,6.67
1006,680.0,13.12,0.71,6.33
1008,583.0,8.48,0.64,3.17
1010,542.0,7.22,0.59,2.32
1017,722.0,13.69,0.68,6.71
1018,410.0,10.01,0.64,2.6
1019,329.0,9.48,0.64,2.0
1020,520.0,4.16,0.7,1.51
1021,600.0,5.2,0.64,2.03
1023,560.0,7.0,0.62,2.4
1024,580.0,12.9,0.67,5.01
1025,560.0,11.71,0.63,4.13
1026,453.0,5.62,0.7,1.79
1027,512.0,6.88,0.72,2.54
1028,549.0,10.9,0.68,4.06
1029,605.0,2.57,0.76,1.18
1030,583.0,6.49,0.68,2.58
1031,695.0,9.61,0.7,4.65
1032,655.0,7.08,0.67,3.12
1034,590.0,3.453,0.6519,1.56
1035,581.0,1.253,0.6345,0.54
1036,620.0,7.547,0.6304,3.47
1037,347.0,0.99,0.52,0.18
1038,308.0,1.18,0.58,0.21
1039,240.0,1.41,0.61,0.2
1040,676.0,8.9,0.68,4.1
1041,610.0,5.78,0.68,2.42
1042,570.0,9.25,0.66,3.44
1043,600.0,4.16,0.68,1.67
1044,580.0,7.13,0.67,2.75
1045,570.0,3.76,0.65,1.39
1046,630.0,7.88,0.66,3.27
1047,582.0,5.89,0.72,2.47
1048,617.0,8.33,0.7,3.6
1049,566.0,1.06,0.57,0.34
1050,601.0,6.93,0.64,2.67
1051,645.0,1.7,0.767,8.32
1052,580.0,10.89,0.6,3.75
1053,580.0,8.9,0.65,3.3
1054,550.0,6.3,0.65,2.3
1055,610.0,10.3,0.58,3.5
1056,580.0,8.0,0.6,2.8
1057,640.0,9.7,0.65,4.0
1058,570.0,3.4,0.7,1.4
1059,524.0,11.4,0.63,3.75
1060,543.0,15.5,0.67,5.65
1061,675.0,15.29,0.723,7.46
1062,698.0,17.14,0.694,8.3
1063,639.0,14.6,0.717,6.69
1064,643.0,15.59,0.699,7.01
1067,692.0,14.27,0.59,5.85
1069,580.0,4.0,0.69,1.6
1070,520.0,2.2,0.53,0.6
1071,590.0,8.2,0.55,2.7
1072,570.0,7.8,0.65,2.9
1073,570.0,6.6,0.69,2.6
1074,540.0,6.3,0.69,2.4
1075,590.0,10.5,0.67,4.2
1076,660.0,11.9,0.64,4.9
1077,740.0,8.9,0.63,4.2
1078,610.0,7.3,0.72,3.1
1079,710.0,11.3,0.66,5.2
1080,660.0,14.2,0.6,5.68
1082,570.0,10.8,0.65,4.0
1084,690.0,9.5,0.71,4.6
1085,583.0,3.09,0.56,1.02
1086,573.0,4.07,0.69,1.6
1087,575.0,5.75,0.66,2.19
1088,558.0,7.91,0.63,2.78
1090,735.0,10.33,0.68,5.16
1091,455.0,2.3,0.69,0.72
1092,553.0,8.9,0.7,3.45
1093,540.0,8.3,0.71,3.18
1094,560.0,7.5,0.7,2.94
1095,390.0,1.1,0.67,0.29
1096,710.0,9.6,0.71,4.9
1097,660.0,9.9,0.7,4.6
1098,760.0,7.2,0.72,3.9
1099,630.0,4.1,0.75,1.9
1100,700.0,9.0,0.72,4.6
1102,640.0,11.5,0.66,4.8
1103,760.0,8.9,0.65,4.4
1104,620.0,5.9,0.72,2.7
1105,610.0,9.1,0.62,3.4
1106,490.0,3.0,0.61,0.9
1107,600.0,7.2,0.63,2.7
1108,710.0,9.5,0.68,4.5
1109,670.0,10.2,0.69,4.8
1110,510.0,3.5,0.64,1.1
1111,640.0,8.6,0.63,3.4
1113,386.5,1.02,0.677,0.27
1115,372.0,1.45,0.662,0.36
1116,590.0,6.9,0.68,2.7
1117,640.0,9.7,0.66,4.1
1118,540.0,5.5,0.64,1.9
1119,590.0,5.2,0.54,1.6
1120,670.0,14.3,0.65,6.2
1124,640.0,18.47,0.69,8.21
1125,688.0,14.26,0.73,7.19
1128,659.0,11.42,0.724,5.45
1129,671.0,13.03,0.728,6.36
1130,549.0,12.71,0.721,5.04
1131,576.0,10.92,0.724,4.55
1132,601.0,15.48,0.709,6.6
1133,650.0,15.09,0.729,7.15
1134,630.0,0.76,0.54,0.26
1135,710.0,11.01,0.78,6.08
1137,700.0,2.14,0.66,0.98
1139,700.0,2.34,0.45,0.75
1140,651.0,10.95,0.64,4.56
1141,688.0,13.2,0.67,6.08
1142,660.0,11.4,0.74,5.56
1143,787.0,15.58,0.67,8.22
1144,754.0,14.73,0.65,7.25
1145,735.0,15.78,0.6,7.0
1148,606.0,13.7,0.69,5.7
1151,605.0,15.2,0.68,6.3
1154,608.0,14.1,0.7,6.0
1156,710.0,10.43,0.76,5.63
1159,572.0,2.32,0.706,0.9
1161,688.0,16.44,0.712,8.1
1162,720.0,6.4,0.71,3.3
1164,740.0,12.51,0.7,6.52
1165,517.0,2.6,0.462,0.6
1166,548.0,5.3,0.66,1.9
1167,558.0,4.9,0.66,1.8
1168,554.0,5.9,0.619,2.2
1172,553.0,8.28,0.62,2.92
1173,621.0,7.76,0.68,3.78
1174,592.0,8.28,0.66,3.44
1175,545.0,6.16,0.61,2.11
1176,575.0,8.76,0.46,2.37
1177,726.0,10.59,0.68,5.2
1178,615.0,13.84,0.65,5.5
1179,694.0,16.36,0.72,8.2
1182,691.0,13.07,0.683,6.21
1183,749.0,9.43,0.722,5.07
1184,694.0,15.47,0.672,7.26
1185,731.0,13.79,0.703,7.08
1186,744.0,9.89,0.709,5.2
1188,741.0,11.12,0.678,5.59
1190,724.0,13.26,0.661,6.68
1192,737.0,12.31,0.666,6.35
1194,722.0,12.14,0.655,6.04
1196,540.0,6.43,0.68,2.36
1197,607.0,6.96,0.65,2.74
1198,626.0,7.25,0.69,3.14
1199,611.0,9.43,0.7,4.03
1200,630.0,11.7,0.71,5.26
1202,617.0,13.76,0.75,6.47
1203,820.0,8.7,0.77,5.5
1204,750.0,6.1,0.81,3.8
1206,956.0,17.03,0.77,12.5
1207,610.0,5.9,0.67,2.4
1208,670.0,5.8,0.66,2.6
1209,520.0,6.7,0.63,2.2
1210,490.0,1.1,0.53,0.29
1211,492.0,0.715,0.433,0.152
1212,513.0,1.674,0.485,0.416
1213,693.0,8.11,0.719,4.04
1214,662.0,6.43,0.63,2.68
1215,697.0,15.62,0.6,6.55
1225,606.0,8.18,0.75,3.73
1226,690.0,10.4,0.73,5.27
1227,658.0,6.54,0.76,3.28
1228,738.0,8.19,0.76,4.58
1229,579.0,18.79,0.534,5.8
1230,552.0,12.31,0.566,3.85
1231,584.0,15.37,0.591,5.3
1233,620.0,17.15,0.72,7.64
1234,670.0,16.85,0.628,7.07
1236,672.0,9.912,0.7027,4.68
1237,780.0,11.21,0.65,5.67
1238,692.0,8.85,0.726,4.44
1239,597.0,9.95,0.61,3.59
1242,709.0,18.33,0.59,7.71
1244,646.0,13.86,0.56,5.03
1246,689.0,17.22,0.58,6.94
1247,758.0,9.93,0.54,4.06
1256,370.0,2.81,0.64,0.67
1257,494.0,14.31,68.0,4.8
1259,638.0,4.1,0.697,1.82
1260,650.0,6.27,0.699,2.85
1261,632.0,5.89,0.705,2.62
1262,589.0,3.78,0.663,1.48
1268,810.0,11.78,0.6,5.73
1269,754.0,12.06,0.62,5.6
1270,730.0,12.9,0.67,6.23
1271,563.0,18.2,0.57,5.84
1272,456.0,4.5,0.62,1.27
1281,730.0,11.4,0.69,5.7
1283,725.0,11.6,0.63,5.2
1284,720.0,13.2,0.65,6.1
1285,750.0,12.23,0.73,6.74
1286,760.0,9.78,0.74,5.53
1287,523.0,14.72,68.0,5.26
1291,745.0,10.22,0.59,4.48
1292,782.0,8.92,0.6,4.2
1293,790.0,10.51,0.61,5.05
1294,665.0,6.47,0.672,2.86
1295,657.0,8.42,0.694,3.84
1296,717.0,9.05,0.687,4.46
1297,749.0,12.54,0.671,6.3
1298,650.0,3.24,0.627,1.32
1299,597.0,2.51,0.73,1.1
1300,662.0,4.62,0.74,2.27
1301,785.0,12.34,0.7,6.74
1302,663.0,12.25,0.68,5.51
1305,765.0,14.2,0.66,7.17
1308,715.0,13.5,0.65,6.27
1313,580.0,15.0,0.65,5.72
1314,540.0,10.6,0.59,3.37
1315,560.0,13.0,0.63,4.55
1316,620.0,17.9,0.66,7.3
1317,425.0,16.17,67.0,4.59
1318,691.6,11.96,0.6737,5.57
1319,578.5,9.89,0.6729,3.85
1320,676.3,11.39,0.6866,5.29
1321,687.5,12.29,0.7118,6.01
1326,707.0,12.62,0.61,5.43
1327,714.0,13.22,0.64,6.02
1328,745.0,12.83,0.64,6.12
1330,697.0,20.85,0.666,9.67
1331,679.0,14.89,0.701,7.09
1332,661.0,16.56,0.65,7.11
1338,690.0,13.7,0.61,5.71
1341,564.0,13.0,0.59,4.32
1342,476.0,2.2,0.6,0.63
1343,464.0,16.15,68.0,5.1
1344,679.0,14.77,0.72,7.2
1346,715.0,6.58,0.72,10.26
1349,701.0,6.34,0.73,9.83
1354,661.0,6.21,0.74,9.2
1357,797.0,10.33,0.64,5.3
1358,793.0,9.45,0.67,5.04
1360,760.0,12.7,0.69,6.65
1361,810.0,13.39,0.7,7.6
1362,620.0,5.47,0.66,2.23
1363,640.0,10.44,0.62,4.12
1364,650.0,2.98,0.66,1.27
1366,580.0,1.47,0.57,0.48
1367,620.0,4.62,0.62,1.78
1368,440.0,0.39,0.47,0.08
1369,600.0,2.31,0.6,0.83
1370,690.0,16.59,0.64,7.36
1371,680.0,14.16,0.66,6.3
1372,680.0,14.08,0.65,6.2
1373,680.0,13.44,0.67,6.12
1376,711.0,12.3,0.76,6.6
1377,762.0,12.7,0.74,7.2
1378,662.0,6.45,0.69,3.0
1379,663.0,6.83,0.74,3.4
1380,610.0,9.99,0.71,4.36
1382,715.0,12.48,0.74,6.58
1383,714.0,15.11,0.72,7.74
1384,737.0,13.73,0.74,7.48
1388,703.0,9.89,0.62,4.3
1389,720.0,9.85,0.645,4.6
1390,732.0,12.0,0.7,6.1
1392,700.0,7.6,0.75,3.98
1393,650.0,8.72,0.73,4.1
1398,630.0,6.05,0.66,2.52
1401,704.0,18.08,0.71,9.05
1405,885.0,12.79,0.69,7.81
1407,907.0,14.32,0.68,8.83
1408,680.0,6.45,0.59,2.57
1409,640.0,7.2,0.58,2.65
1410,740.0,9.03,0.64,4.31
1411,640.0,6.47,0.73,3.0
1413,650.0,7.44,0.7,3.39
1415,616.0,3.27,0.51,1.02
1416,611.0,3.55,0.5,1.08
1417,612.0,4.49,0.62,1.7
1422,741.0,13.13,0.73,7.09
1423,739.0,13.73,0.74,7.48
1425,573.0,3.29,0.77,1.45
1427,689.0,15.09,0.72,7.53
1429,650.0,4.5,0.7,2.0
1430,585.0,8.97,0.73,3.83
1433,860.0,4.22,68.0,2.5
1434,760.0,5.33,72.0,2.9
1435,760.0,7.89,65.0,3.9
1436,780.0,7.9,55.0,3.4
1437,800.0,6.86,55.0,3.0
1438,836.0,10.35,0.678,5.87
1439,822.0,10.74,0.63,5.56
1440,853.0,8.71,0.669,4.97
1441,720.0,10.98,0.57,4.48
1442,640.0,10.31,0.62,4.08
1443,615.0,11.8,0.58,4.23
1444,675.0,12.65,0.63,5.35
1445,756.0,15.4,0.76,8.8
1446,683.0,9.6,0.78,5.1
1447,603.0,11.8,0.75,5.4
1448,671.0,10.1,0.7,4.8
1449,810.0,9.4,0.74,5.6
1450,622.0,14.9,0.71,6.6
1451,632.0,13.8,0.69,6.02
1452,567.0,9.05,0.56,2.87
1453,543.0,8.02,0.64,2.79
1454,615.0,13.6,0.69,5.77
1456,617.0,5.48,0.73,2.47
1459,634.0,15.4,0.69,6.71
1465,680.0,12.0,0.68,5.57
1466,680.0,11.3,0.69,5.34
1467,700.0,12.7,0.7,6.22
1468,640.0,15.5,0.63,6.27
1474,783.0,6.37,0.771,7.7
1477,922.0,6.18,0.756,8.6
1480,886.0,6.14,0.744,8.1
1485,670.0,15.2,0.66,6.72
1486,670.0,11.9,0.68,5.36
1487,580.0,13.5,0.64,5.01
1492,324.0,5.7,0.5,0.94
1494,717.0,15.4,0.72,7.96
1495,645.0,7.51,0.85,4.12
1496,699.0,13.43,0.65,6.06
1497,720.0,15.2,0.733,8.02
1499,946.0,7.66,0.658,4.76
1500,893.0,10.1,0.681,6.15
1501,833.0,16.5,0.737,10.1
1502,832.0,11.8,0.703,6.91
1504,646.0,7.13,0.68,3.13
1505,603.0,3.04,0.66,1.21
1507,860.0,11.33,0.57,5.56
1508,320.0,0.44,0.13,0.93
1509,642.0,14.1,0.66,5.98
1510,650.0,14.8,0.64,6.13
1511,650.0,13.7,0.65,5.82
1512,640.0,13.2,0.64,5.38
1513,586.0,10.3,0.67,4.01
1514,690.0,10.56,0.65,4.7
1515,618.0,7.52,0.65,3.01
1516,664.0,9.69,0.696,4.65
1517,709.0,11.71,0.7086,5.8
1518,690.0,13.72,0.71,6.72
1519,710.0,14.01,0.71,7.05
1520,770.0,13.79,0.72,7.64
1524,641.0,16.13,0.718,7.42
1525,664.0,17.45,0.742,8.6
1526,680.0,14.5,0.61,5.95
1527,650.0,15.6,0.6,6.04
1529,640.0,11.1,0.66,4.73
1532,680.0,14.17,0.66,6.4
1537,830.0,7.6,0.74,4.7
1544,790.0,3.88,0.78,10.3
1546,560.0,14.2,0.6,4.77
1548,530.0,11.0,0.51,2.97
1550,600.0,8.55,0.62,3.16
1551,580.0,11.15,0.59,3.81
1552,484.0,7.58,0.65,2.4
1555,668.0,12.61,0.73,6.11
1558,793.6,12.08,0.748,7.17
1561,590.0,5.56,0.65,2.13
1566,541.0,15.96,0.65,5.65
1570,625.0,14.53,0.66,6.03
1572,650.0,11.46,0.76,5.66
1573,700.0,12.26,0.73,6.26
1574,290.0,9.21,0.49,1.31
1575,300.0,8.11,0.56,1.37
1576,340.0,7.76,0.64,1.69
1577,811.0,14.1,0.77,8.72
1578,901.0,13.4,0.74,8.86
1579,670.0,12.69,0.7,5.98
1583,730.0,14.44,0.7,7.45
1587,606.0,10.79,0.68,4.44
1590,618.0,8.19,0.697,3.53
1595,655.0,6.08,0.761,3.03
1599,730.0,12.45,0.62,5.59
1601,740.0,13.51,0.63,6.3
1604,720.0,13.69,0.6,5.94
1607,720.0,13.49,0.63,6.11
1609,684.0,8.77,0.65,3.93
1610,727.0,10.59,0.66,5.06
1611,707.0,12.24,0.65,5.59
1613,700.0,14.51,0.715,7.26
1620,690.0,10.11,0.689,4.81
1622,700.0,12.08,0.705,5.96
1624,620.0,8.65,0.73,3.92
1630,724.0,16.28,0.684,8.06
1639,346.0,7.65,0.55,1.45
1643,699.0,14.2,0.63,6.29
1650,646.0,13.4,0.7,6.1
1651,616.0,9.3,0.73,4.2
1652,610.0,7.4,0.64,2.89
1654,660.0,9.2,0.72,4.37
1658,741.0,14.34,0.676,7.2
1661,725.0,13.56,0.658,6.51
1663,690.0,11.5,0.67,5.38
1665,690.0,9.5,0.69,4.5
1667,600.0,6.43,0.67,2.63
1669,730.0,14.59,0.64,6.75
1670,630.0,9.12,0.717,4.12
1671,660.0,14.79,0.667,6.51
1672,700.0,14.25,0.705,7.03
1673,690.0,6.85,0.63,3.0
1674,560.0,4.45,0.63,1.58
1676,722.0,13.42,0.66,6.42
1677,708.0,13.68,0.63,6.1
1681,498.0,1.92,0.63,0.61
1682,739.4,16.02,0.63,7.42
1684,719.2,17.83,0.64,8.24
1685,729.2,15.89,0.62,7.2
1688,739.4,15.94,0.624,7.35
1689,776.0,12.0,0.5627,5.24
1690,774.0,14.12,0.5827,6.37
1695,792.0,12.82,0.73,7.41
1696,804.0,13.25,0.73,7.7
1697,813.0,12.3,0.72,7.23
1699,688.0,9.4,73.7,4.8
1700,672.0,10.27,0.69,4.78
1701,710.0,9.48,0.67,4.52
1702,726.0,10.46,0.64,4.88
1703,583.0,6.5,0.73,2.75
1704,524.0,3.1,0.73,1.19
1705,526.0,3.4,0.72,1.29
1706,525.0,3.0,0.73,1.14
1707,590.0,7.8,0.71,3.27
1709,480.0,1.3,0.7,0.44
1710,630.0,8.1,0.68,3.49
1711,704.0,8.1,0.68,3.86
1712,668.0,9.4,0.69,4.36
1713,760.0,9.7,0.72,5.33
1714,690.0,16.94,0.67,7.83
1715,660.0,16.29,0.71,7.62
1716,720.0,15.76,0.73,8.27
1718,664.0,4.8,0.72,2.3
1719,720.0,13.5,0.69,6.71
1720,760.0,11.11,0.71,6.0
1721,730.0,9.3,0.49,3.61
1722,790.0,6.64,0.59,3.06
1723,710.0,8.56,0.47,2.89
1724,700.0,4.62,0.62,2.0
1729,570.0,7.3,0.65,2.76
1730,697.0,8.5,75.9,4.5
1731,601.0,7.84,0.73,3.4
1733,478.0,5.14,0.43,1.1
1734,678.0,7.5,0.75,3.77
1735,669.0,9.88,0.74,4.88
1736,610.0,8.66,0.76,4.01
1738,700.0,6.42,0.74,3.33
1739,720.0,4.67,0.72,2.43
1740,620.0,3.78,0.63,1.49
1741,640.0,1.04,0.65,0.44
1742,559.0,9.89,0.64,3.52
1743,513.0,12.24,0.62,3.92
1744,596.0,8.72,0.64,3.33
1745,540.0,13.66,0.59,4.36
1746,536.0,13.27,0.62,4.41
1749,644.0,14.77,0.63,5.98
1751,680.0,7.78,0.66,3.5
1752,670.0,4.35,0.62,1.8
1753,648.0,9.58,0.71,4.41
1754,520.0,5.83,0.72,2.18
1757,760.0,12.57,0.74,7.04
1758,710.0,8.6,0.67,4.1
1759,800.0,11.6,0.71,6.6
1764,540.0,4.73,0.71,1.81
1765,540.0,3.13,0.73,1.25
1768,750.0,10.6,0.66,5.25
1769,644.0,6.9,0.68,3.02
1770,637.0,10.4,0.71,4.7
1772,860.0,10.8,0.66,6.13
1778,534.0,13.16,0.66,4.64
1779,520.0,12.94,0.67,4.59
1780,550.0,15.03,0.63,5.3
1782,650.0,7.08,0.7,3.21
1783,660.0,13.39,0.6,5.33
1784,410.0,9.37,0.68,2.61
1785,661.0,11.74,0.764,5.93
1786,664.0,13.38,0.736,6.54
1787,673.0,13.56,0.745,6.8
1789,689.0,2.19,0.64,0.97
1792,662.0,4.1,0.695,1.89
1793,541.0,5.45,0.67,1.99
1796,612.0,5.51,0.6674,2.25
1798,900.0,9.5,0.7,5.99
1802,690.0,8.92,0.77,4.78
1805,610.0,12.7,0.598,4.63
1806,590.0,5.06,0.561,1.67
1811,728.0,11.19,0.76,6.18
1812,733.0,13.79,0.75,7.54
1818,712.0,3.48,0.57,1.66
1819,743.0,16.76,0.68,8.48
1821,695.0,13.95,0.65,6.34
1822,722.0,12.95,0.69,6.44
1823,698.0,10.68,0.69,5.15
1825,705.0,6.88,64.74,3.15
1827,746.0,8.96,56.82,3.8
1829,509.0,2.63,60.87,0.82
1830,607.0,7.46,69.1,3.26
1831,730.0,12.28,60.43,5.41
1834,690.0,12.3,0.738,6.3
1841,740.0,15.33,0.66,7.43
1842,670.0,12.66,0.65,5.49
1843,522.0,8.57,0.52,2.3
1844,526.0,6.83,0.5,1.8
1848,546.0,10.44,0.66,3.77
1850,517.0,3.21,0.69,1.15
1852,777.0,13.35,0.749,7.8
1855,708.0,5.54,0.788,3.09
1856,726.0,8.78,0.807,5.14
1858,775.0,11.88,0.747,6.88
1860,744.3,14.32,0.72,7.67
1861,810.0,9.22,0.6,4.49
1864,740.0,8.9,0.7,4.41
1870,660.0,11.91,0.69,5.39
1871,832.0,1.67,0.622,1.02
1872,545.0,2.15,0.4093,0.56
1873,612.0,7.01,0.627,3.16
1874,587.0,7.36,0.69,3.0
1875,618.0,2.6,0.6,1.12
1877,686.0,15.05,64.53,6.66
1878,662.0,16.88,64.03,7.16
1879,629.0,15.37,64.02,6.19
1884,650.0,11.48,0.7,5.15
1888,115.0,2.7,0.36,0.113
1890,781.0,13.3,0.72,7.14
1893,660.0,13.44,0.6,5.37
1897,660.0,12.83,0.64,5.36
1898,660.0,12.56,0.63,5.28
1900,830.0,14.61,0.6901,8.37
1901,797.0,14.39,0.7027,8.06
1902,680.0,10.3,0.62,4.37
1906,650.0,11.43,0.62,4.58
1907,650.0,13.86,0.57,5.14
1908,690.0,15.36,0.5,5.25
1910,660.0,13.07,0.65,5.55
1911,320.0,0.78,0.41,0.102
1912,838.0,12.52,0.6768,7.1
1913,680.0,11.24,0.6,4.6
1914,740.0,16.81,0.57,7.08
1915,710.0,14.28,0.6,6.12
1916,580.0,11.88,0.54,3.74
1917,766.0,11.7,0.756,6.78
1919,642.0,10.6,0.714,4.86
1920,608.0,10.05,0.736,4.5
1921,720.0,12.96,0.753,7.03
1922,677.0,13.37,0.753,6.82
1923,648.0,8.15,0.744,3.93
1924,599.0,13.07,0.723,5.66
1925,702.0,10.39,0.785,5.73
1926,694.0,7.72,0.803,4.3
1927,726.0,8.78,0.807,5.14
1928,766.0,11.7,0.756,6.78
1929,670.0,7.13,0.71,3.4
1930,770.0,11.25,0.76,6.6
1931,571.0,10.4,0.69,4.11
1933,605.0,5.46,0.7,2.3
1934,603.0,8.73,0.69,3.6
1935,640.0,0.82,0.58,0.3
1937,740.0,2.63,0.61,1.19
1938,630.0,2.55,0.6,0.96
1941,662.0,7.9,0.728,3.8
1944,681.0,11.3,0.732,5.6
1945,660.0,8.6,0.727,4.2
1948,700.0,6.37,0.74,3.31
1949,710.0,7.52,0.75,4.01
1950,750.0,14.0,0.77,8.01
1951,640.0,8.23,0.6,3.1
1952,680.0,10.77,0.63,4.6
1953,690.0,14.33,0.56,5.6
1954,680.0,12.55,0.63,5.4
1955,670.0,13.97,0.62,5.8
1956,610.0,12.66,0.56,4.4
1957,640.0,13.7,0.56,4.9
1958,650.0,14.6,0.66,6.2
1960,690.0,13.1,0.65,5.89
1961,680.0,13.2,0.67,6.01
1962,625.0,6.85,0.7,2.98
1963,764.0,12.2,0.77,7.2
1964,753.0,14.0,0.77,8.01
1965,672.0,11.9,0.731,5.9
1966,650.0,10.99,0.69,4.92
1971,845.0,12.3,0.68,7.06
1972,830.0,12.0,0.68,6.77
1974,650.0,12.3,0.68,5.43
1975,465.0,14.32,0.66,4.37
1976,500.0,13.08,0.69,4.54
1977,405.0,11.86,0.65,3.13
1978,640.0,11.04,0.749,5.29
1979,660.0,10.2,0.698,4.7
1980,620.0,10.44,0.649,4.2
1981,650.0,12.69,0.707,5.83
1982,494.0,5.8,0.7,2.0
1983,497.0,4.54,0.69,1.6
1984,509.0,9.3,0.68,3.2
1985,870.0,14.3,0.67,8.33
1986,780.0,12.5,0.67,6.52
1987,830.0,13.9,0.66,7.61
1988,839.0,13.5,0.66,7.47
1989,830.0,13.0,0.66,7.12
1990,855.0,15.0,0.67,8.59
1991,900.0,12.0,0.69,7.2
1992,920.0,15.5,0.68,9.69
1994,660.0,11.69,0.67,5.15
2000,670.0,11.04,0.65,4.83
2003,710.0,11.29,0.65,5.22
2008,700.0,10.75,0.67,5.04
2010,620.0,11.77,0.68,4.96
2013,680.0,6.8,0.72,3.33
2014,367.0,11.23,0.64,2.63
2015,432.0,12.0,0.69,3.58
2016,462.0,14.19,0.64,4.2
2017,762.0,10.6,0.75,6.1
2018,619.0,14.3,0.587,5.19
2019,610.0,8.89,0.67,3.62
2020,741.0,11.4,0.74,6.2
2025,640.0,6.4,0.72,2.93
2027,609.0,7.3,0.64,2.86
2028,656.0,7.1,0.65,3.01
2029,652.0,11.5,0.64,4.82
2032,720.0,12.9,0.53,4.9
2033,630.0,11.9,0.57,4.3
2034,680.0,12.0,0.64,5.2
2038,750.0,8.22,0.65,4.0
2039,660.0,12.96,0.68,5.78
2040,630.0,13.38,0.7,5.86
2041,565.0,11.71,0.71,4.71
2043,706.0,10.52,0.74,5.48
2044,728.0,10.51,0.73,5.55
2045,731.0,10.65,0.6818,5.31
2046,758.0,9.4,0.6645,4.7
2048,770.0,10.41,0.78,6.24
2053,450.0,1.77,0.7,0.56
2056,690.0,12.48,0.73,6.29
2057,710.0,14.86,0.75,7.91
2058,730.0,7.19,0.67,3.52
2059,700.0,8.88,0.66,4.1
2060,700.0,10.89,0.67,5.12
2062,770.0,8.5,0.65,4.25
2064,734.0,14.33,0.76,8.0
2067,788.0,11.87,0.68,8.04
2072,770.0,12.41,0.5719,5.44
2073,670.0,13.5,0.72,6.67
2074,640.0,9.21,0.68,4.01
2081,695.0,12.21,0.72,6.15
2084,867.0,15.3,0.68,9.02
2085,760.0,7.97,0.71,4.3
2086,830.0,13.0,0.69,7.44
2087,883.0,12.8,0.67,7.57
2091,827.0,14.8,0.68,8.32
2095,648.0,9.49,0.66,4.03
2096,651.0,12.97,0.65,5.49
2097,667.0,16.73,0.65,7.23
2104,640.0,7.4,0.71,3.34
2105,610.0,7.1,0.59,2.6
2106,660.0,11.19,0.7,5.22
2107,670.0,11.2,0.69,5.19
2108,680.0,9.99,0.68,4.58
2109,670.0,10.84,0.65,4.73
2110,710.0,13.0,0.69,6.31
2111,671.0,10.48,0.67,4.71
2112,695.0,10.78,0.68,5.06
2113,769.0,13.7,0.59,6.24
2114,692.0,16.3,0.68,7.67
2115,690.0,9.5,0.75,4.9
2118,572.0,6.11,0.585,2.05
2119,587.0,7.89,0.722,3.34
2121,780.0,16.86,0.69,9.02
2122,780.0,15.54,0.62,7.6
2127,811.0,18.79,0.7331,11.18
2128,650.0,8.2,0.85,4.52
2129,640.0,9.21,0.75,4.4
2130,700.0,9.17,0.78,4.99
2131,582.0,10.6,0.68,4.19
2132,580.0,7.3,0.62,2.6
2133,900.0,13.5,0.68,8.26
2137,741.0,13.11,0.65,6.37
2138,662.0,9.31,0.65,4.03
2139,655.0,9.01,0.68,4.01
2140,721.0,14.51,0.65,6.78
2141,685.0,17.61,0.59,7.12
2153,765.0,11.85,0.69,6.25
2155,620.0,7.38,0.74,3.38
2156,730.0,4.82,0.74,2.6
2157,190.0,0.65,0.52,0.063
2158,240.0,1.71,0.61,0.25
2159,610.0,10.5,0.68,4.4
2160,752.0,10.46,0.785,6.21
2161,742.0,12.79,0.7467,7.09
2162,694.0,14.38,0.7429,7.4
2170,568.0,2.4,0.75,10.4
2177,790.0,8.7,0.74,5.05
2178,500.0,7.53,0.63,2.38
2180,694.0,7.44,0.697,3.59
2181,704.0,8.61,0.717,4.35
2182,704.0,7.69,0.701,3.79
2185,590.0,10.1,0.71,4.2
2187,736.0,5.81,0.706,3.01
2188,725.0,7.54,0.698,3.81
2190,685.0,4.68,0.7,2.24
2191,729.0,5.09,0.711,2.64
2192,580.0,3.15,0.632,1.15
2194,630.0,8.6,0.75,4.11
2197,530.0,6.26,0.61,2.02
2198,640.0,4.96,0.72,2.28
2199,680.0,9.99,0.71,4.83
2200,750.0,11.36,0.68,5.81
2201,708.2,12.03,0.65,5.52
2202,738.1,14.01,0.66,6.81
2203,796.0,10.91,0.74,6.36
2205,828.0,14.11,0.74,8.65
2208,537.0,15.49,0.64,5.31
2210,640.0,6.5,0.52,2.2
2211,600.0,7.9,0.72,3.4
2212,640.0,7.6,0.68,3.3
2213,440.0,1.2,0.54,0.3
2217,750.0,11.01,0.71,5.81
2221,670.0,14.21,0.64,6.14
2224,625.0,2.59,0.53,0.86
2227,532.0,2.31,0.43,0.53
2228,664.0,10.79,0.691,4.95
2229,590.0,9.69,0.63,3.62
2231,760.0,15.6,0.59,6.3
2232,827.0,9.43,72.8,5.68
2233,840.0,7.56,68.5,4.35
2234,877.0,9.84,74.3,6.42
2235,850.0,6.08,76.0,3.93
2236,875.0,6.67,77.0,4.48
2237,755.0,3.45,52.4,1.35
2238,638.0,11.68,0.696,5.15
2241,558.0,13.3,0.47,4.1
2242,220.0,8.6,0.307,0.58
2243,670.0,15.23,0.758,7.69
2244,640.0,12.72,0.767,6.23
2245,744.0,9.2,0.7559,5.18
2246,653.0,14.7,0.7417,7.12
2247,497.3,2.46,0.37,0.46
2250,10900.0,16.24,0.66,7.29
2253,9680.0,16.41,0.6,6.17
2254,710.0,17.83,0.65,8.2
2256,363.0,1.23,0.53,0.24
2258,660.0,10.56,0.774,5.42
2259,880.0,14.5,0.68,8.67
2260,669.5,11.51,0.7314,5.67
2261,731.8,13.26,0.723,7.0
2262,625.0,6.85,0.7,2.98
2263,565.0,11.71,0.71,4.71
2266,740.0,8.62,0.71,4.55
2267,770.0,9.69,0.7,5.15
2270,720.0,8.02,0.69,3.97
2272,740.0,8.8,0.65,4.24
2273,690.0,7.88,0.7,3.83
2274,653.0,14.5,0.742,7.1
2275,678.0,16.0,0.732,8.0
2277,609.0,6.4,0.717,2.8
2278,555.0,5.06,0.709,1.99
2280,627.0,6.89,0.715,3.09
2281,618.0,2.85,0.724,1.3
2282,593.0,1.02,0.78,0.77
2283,637.0,6.81,0.732,3.23
2284,600.0,7.61,0.662,3.08
2285,515.0,0.72,0.731,0.27
2286,584.0,0.98,0.771,0.45
2287,670.0,11.43,0.62,4.7
2288,700.0,14.39,0.66,6.65
2289,670.0,5.88,0.71,2.79
2290,670.0,6.6,0.7,3.11
2293,750.0,9.78,0.69,5.11
2294,650.0,6.68,0.71,3.08
2295,630.0,6.15,0.74,2.85
2297,584.0,12.7,0.605,4.49
2299,642.0,14.5,0.586,5.46
2300,628.0,12.06,0.65,5.0
2303,707.0,18.55,0.67,9.05
2309,748.0,5.23,0.7,8.59
2314,723.0,10.3,0.517,3.85
2315,722.0,11.2,0.571,4.62
2316,750.0,10.91,0.74,6.04
2318,720.0,8.16,0.72,4.23
2319,830.0,16.16,0.7209,9.69
2320,773.0,14.74,0.7186,8.2
2321,707.0,8.67,0.7045,4.32
2322,735.0,13.4,0.66,6.53
2324,580.0,9.2,0.65,3.47
2328,620.0,12.22,0.69,5.19
2330,764.0,11.73,0.54,4.81
2332,721.0,9.82,0.67,4.57
2334,774.0,14.21,0.65,6.69
2336,743.0,11.54,0.7,6.11
2337,731.0,10.65,0.6818,5.31
2338,758.0,9.4,0.6645,4.7
2339,770.0,12.41,0.5719,5.44
2340,698.0,12.79,0.66,5.9
2341,557.0,13.95,0.61,4.76
2344,653.0,17.85,0.64,7.5
2349,663.0,17.19,0.69,7.81
2360,667.0,13.29,0.67,5.94
2366,661.0,14.49,0.723,6.94
2367,751.0,17.05,0.706,9.02
2368,809.0,14.0,0.7271,8.24
2370,767.0,15.11,0.707,8.19
2371,731.0,12.22,0.745,6.67
2372,670.0,17.82,0.67,7.88
2373,660.0,14.33,0.66,6.35
2374,680.0,13.48,0.68,6.14
2380,722.0,10.0,0.66,4.8
2381,687.0,10.9,0.65,4.9
2382,708.0,11.7,0.66,5.4
2383,641.0,10.9,0.725,5.05
2386,662.0,9.65,0.706,4.51
2389,690.0,5.99,0.69,2.9
2391,660.0,10.9,0.69,4.99
2395,805.0,13.34,0.69,7.41
2398,810.0,14.33,0.7,8.11
2400,690.0,10.5,0.73,5.34
2401,730.0,13.26,0.71,6.89
2402,700.0,14.26,0.7,7.02
2403,600.0,13.47,0.59,4.77
2404,570.0,14.2,0.6,4.79
2405,610.0,18.14,0.56,6.16
2406,640.0,16.79,0.58,6.18
2407,580.0,12.93,0.64,4.8
2408,600.0,13.54,0.64,5.25
2409,670.0,16.48,0.64,6.9
2410,620.0,13.4,0.62,5.7
2411,630.0,16.0,0.63,6.15
2413,410.0,8.8,0.57,2.1
2417,430.0,9.0,0.54,2.1
2418,658.0,12.7,0.6,4.98
2419,638.0,13.3,0.63,5.29
2420,678.0,10.1,0.61,4.22
2421,646.0,12.5,0.62,4.97
2422,753.0,11.2,0.725,6.11
2424,744.0,11.1,0.719,5.94
2425,710.0,12.27,0.695,6.05
2427,727.0,11.46,0.705,5.88
2428,672.0,9.63,0.719,4.65
2429,657.0,12.43,0.614,5.01
2430,650.0,10.6,0.71,4.9
2431,548.0,2.37,0.7,0.9
2433,547.0,4.31,0.692,1.63
2434,617.0,5.48,0.73,2.47
2435,634.0,8.27,0.72,3.78
2436,645.0,8.82,0.72,4.09
2443,770.0,10.04,0.73,5.65
2444,780.0,9.12,0.73,5.19
2445,925.0,15.01,0.69,9.58
2447,480.0,13.7,0.5,3.3
2450,370.0,3.3,0.52,0.6
2451,682.0,7.83,0.71,3.79
2452,668.0,10.88,0.61,4.41
2453,710.0,9.7,0.66,4.54
2454,600.0,4.29,0.67,1.75
2455,510.0,2.98,0.65,0.99
2456,570.0,7.6,0.62,2.7
2457,500.0,5.19,0.55,1.42
2460,670.0,2.8,0.62,1.4
2461,518.0,1.1,0.51,0.6
2462,712.0,3.5,0.57,1.7
2463,534.0,2.6,0.41,0.7
2464,750.0,8.0,0.55,3.9
2465,576.0,3.0,0.54,1.1
2466,920.0,4.26,0.98,3.83
2468,580.0,12.08,0.74,5.2
2469,680.0,9.4,0.85,5.43
2470,633.0,7.51,0.88,4.16
2471,550.0,9.2,0.75,3.79
2472,600.0,0.65,0.78,0.3
2475,440.0,8.9,0.52,2.0
2476,660.0,12.9,0.71,6.1
2477,650.0,13.6,0.71,6.3
2478,685.0,16.59,0.65,7.38
2479,635.0,16.95,0.66,7.1
2480,620.0,17.3,0.63,6.75
2484,612.0,12.68,0.73,5.7
2485,503.0,3.65,0.69,1.3
2486,550.0,3.71,0.75,1.53
2487,490.0,1.37,0.66,0.44
2488,510.0,2.63,0.75,1.0
2489,510.0,1.09,0.72,0.4
2491,770.0,10.07,0.74,5.8
2492,900.0,10.72,0.73,7.1
2493,790.0,10.68,0.75,6.3
2494,860.0,13.26,0.75,8.6
2495,810.0,12.24,0.77,7.7
2496,610.0,9.8,0.68,4.07
2497,852.0,14.8,0.66,8.37
2498,821.0,14.3,0.7,8.22
2499,818.0,14.5,0.69,8.18
2504,876.0,14.1,0.78,9.8
2508,582.0,13.16,0.73,5.56
2512,803.0,15.76,0.712,9.0
2525,550.0,5.22,0.66,1.88
2528,580.0,6.86,0.63,2.51
2530,885.0,15.2,0.68,9.22
2534,887.0,8.3,0.75,11.1
2537,610.0,8.31,0.66,3.34
2538,728.0,12.61,0.667,6.12
2539,695.0,13.22,0.683,6.28
2540,786.0,13.44,0.675,7.13
2542,737.0,18.3,0.729,9.83
2544,740.0,17.6,0.71,9.2
2546,731.0,19.8,0.72,10.4
2548,715.0,18.3,0.686,9.0
2552,122.0,2.18,0.346,0.092
2553,131.0,2.05,0.324,0.087
2554,132.0,2.31,0.331,0.101
2556,97.0,1.04,0.37,0.037
2557,90.0,1.74,0.38,0.06
2558,755.0,14.83,0.72,8.1
2559,756.0,13.21,0.75,7.5
2560,752.0,12.0,0.73,6.6
2561,705.0,10.27,0.73,5.3
2562,694.0,9.69,0.73,4.9
2567,682.0,7.01,0.69,3.3
2568,708.0,8.19,0.67,3.9
2569,710.0,12.11,0.62,5.33
2570,740.0,14.42,0.62,6.61
2571,740.0,14.71,0.63,6.86
2572,520.0,2.5,0.78,1.0
2573,580.0,3.72,0.66,1.43
2574,630.0,9.25,0.61,3.56
2575,620.0,7.92,0.68,3.34
2576,450.0,1.34,0.76,0.46
2577,105.0,1.59,0.359,0.06
2578,115.0,1.39,0.363,0.058
2579,113.0,1.38,0.34,0.053
2580,125.0,2.25,0.331,0.093
2583,420.0,0.96,0.55,0.22
2584,560.0,5.83,0.65,2.12
2585,610.0,10.29,0.65,4.08
2587,630.0,8.36,0.69,3.58
2589,560.0,8.1,0.69,3.1
2590,668.0,9.8,0.76,5.0
2591,670.0,10.8,0.74,5.4
2592,696.0,14.7,0.76,8.0
2593,456.0,4.3,0.72,1.5
2594,557.0,7.3,0.76,3.2
2595,498.0,7.4,0.73,2.8
2596,376.0,0.6,0.72,0.2
2597,579.0,13.39,0.71,5.5
2598,344.0,0.7,0.7,0.2
2600,500.0,2.66,0.64,0.86
2602,579.0,9.29,0.64,3.45
2604,751.0,10.0,0.586,4.38
2608,632.0,6.65,0.738,3.1
2609,699.0,12.89,0.696,6.27
2610,681.0,14.5,0.61,6.02
2611,635.0,14.01,0.6,5.34
2612,663.0,14.67,0.63,6.12
2614,642.0,15.14,0.62,6.01
2623,640.0,16.82,0.65,6.95
2624,650.0,17.59,0.68,7.87
2625,660.0,14.73,0.68,6.67
2626,610.0,12.92,0.65,5.1
2627,764.0,16.2,0.45,8.02
2628,791.0,5.94,0.67,4.51
2629,801.0,5.85,0.59,3.97
2630,774.0,14.19,0.45,6.8
2631,745.0,12.21,0.59,7.63
2632,731.0,7.87,0.7,5.8
2635,630.0,17.55,0.68,7.5
2639,710.0,9.6,0.69,4.6
2640,480.0,14.9,0.48,3.4
2641,680.0,12.5,0.69,5.8
2642,810.0,7.0,0.64,3.6
2643,592.0,14.64,0.692,5.85
2647,670.0,7.33,0.71,3.49
2649,670.0,7.35,0.71,3.5
2655,670.0,9.31,0.7,4.37
2659,660.0,10.6,0.65,4.55
2661,620.0,11.11,0.72,4.97
2663,630.0,8.9,0.67,3.75
2664,811.0,8.95,0.32,3.22
2665,757.0,7.87,0.67,5.7
2666,540.0,1.34,0.5,0.36
2667,510.0,0.8,0.48,0.19
2668,457.0,6.17,0.5,1.41
2669,650.0,10.3,0.5,3.35
2670,95.0,1.48,0.36,0.05
2671,97.0,1.6,0.38,0.06
2672,109.0,3.7,0.35,0.14
2673,95.0,1.58,0.35,0.05
2674,106.0,5.87,0.31,0.2
2675,653.0,10.8,0.672,4.7
2676,662.0,12.57,0.663,5.5
2677,655.0,15.14,0.64,6.4
2678,563.0,6.37,0.658,2.4
2679,630.0,10.26,0.659,4.3
2684,705.0,16.96,0.64,7.55
2686,795.0,18.42,0.7473,10.95
2688,879.0,18.16,0.7675,12.25
2689,878.0,12.02,0.73,7.68
2690,763.0,12.93,0.69,6.82
2691,827.0,16.27,0.69,9.24
2692,615.0,5.1,0.68,2.12
2693,548.0,8.13,0.69,3.09
2695,641.3,2.52,0.791,8.9
2697,807.0,16.07,0.744,9.63
2698,680.0,6.13,0.73,3.07
2701,739.0,11.7,0.653,5.65
2703,692.0,12.3,0.639,5.44
2704,728.0,11.5,0.626,5.24
2706,690.0,17.7,0.66,8.06
2707,670.0,16.9,0.66,7.47
2708,620.0,15.8,0.64,6.27
2709,650.0,15.6,0.65,6.59
2710,670.0,16.0,0.67,7.18
2717,612.0,10.77,0.74,4.9
2718,644.0,16.23,0.726,7.58
2720,570.0,6.8,0.69,2.7
2721,530.0,3.4,0.68,1.2
2722,610.0,12.5,0.62,4.8
2723,550.0,7.5,0.69,2.8
2724,788.0,15.79,0.57,7.09
2725,784.0,16.45,0.61,7.87
2726,773.0,15.57,0.54,6.5
2727,605.0,13.1,0.562,4.9
2737,610.0,11.5,0.67,4.8
2738,610.0,10.4,0.7,4.4
2740,480.0,2.1,0.69,0.7
2741,560.0,11.6,0.66,4.5
2742,550.0,8.6,0.67,3.2
2743,630.0,13.3,0.64,5.4
2754,774.0,5.67,0.656,5.85
2757,870.0,5.8,0.785,7.64
2767,694.0,13.68,0.73,6.96
2768,705.0,13.62,0.74,7.18
2771,650.0,6.62,0.62,2.67
2775,580.0,8.55,0.63,3.14
2785,893.0,8.1,0.74,10.6
2790,661.0,15.99,0.65,6.8
2793,714.0,10.5,0.567,4.24
2794,703.0,10.5,0.575,4.23
2795,695.0,6.5,0.657,2.96
2797,560.0,7.9,0.7,3.1
2798,640.0,9.2,0.66,3.9
2799,679.0,12.89,0.73,6.43
2801,620.0,9.8,0.6,3.63
2803,690.0,12.17,0.73,6.22
2804,730.0,15.81,0.72,8.34
2805,560.0,11.19,0.62,3.92
2806,620.0,10.61,0.66,4.36
2807,620.0,11.16,0.6,4.12
2808,590.0,10.28,0.67,4.09
2809,650.0,10.36,0.65,4.35
2810,640.0,9.83,0.66,4.15
2813,710.0,12.3,0.69,6.1
2814,700.0,10.7,0.69,5.2
2815,630.0,8.2,0.73,3.76
2816,630.0,4.4,0.71,2.0
2817,610.0,10.2,0.66,4.1
2820,674.0,14.0,0.64,6.05
2821,663.0,15.8,0.62,6.54
2822,813.0,11.0,0.701,6.29
2823,700.0,4.23,0.75,2.22
2824,695.0,7.1,0.73,3.6
2825,707.0,11.9,0.644,5.41
2829,843.0,10.4,0.658,5.74
2831,829.0,14.1,0.684,7.99
2832,819.0,14.7,0.695,8.37
2833,817.0,12.9,0.673,7.09
2834,707.0,9.03,0.681,4.35
2835,724.0,9.71,0.684,4.81
2840,690.0,12.45,0.7,6.02
2841,644.0,10.83,0.65,4.55
2842,651.0,11.58,0.68,5.13
2850,680.0,10.0,0.74,5.1
2851,543.0,4.43,0.68,1.65
2853,593.0,2.73,0.67,1.08
2855,568.0,7.38,0.65,2.72
2857,562.0,7.77,0.62,2.68
2871,701.0,12.7,0.66,5.87
2873,660.0,7.95,0.64,3.38
2875,630.0,10.63,0.64,4.31
2876,620.0,5.12,0.61,1.92
2877,590.0,4.78,0.57,1.6
2878,630.0,5.0,0.67,2.1
2879,620.0,12.11,0.61,4.53
2880,560.0,9.55,0.64,3.43
2881,630.0,9.44,0.62,3.69
2882,509.94,1.24,0.476,0.35
2883,640.89,4.24,0.369,1.18
2884,680.0,17.43,0.71,8.42
2885,626.0,15.56,0.7,6.88
2888,644.0,8.15,0.685,3.6
2889,650.0,7.82,0.66,3.4
2892,525.0,12.28,0.676,4.36
2896,572.0,13.51,0.651,5.03
2901,797.0,11.9,0.638,6.05
2902,577.46,2.89,0.53,1.04
2903,373.0,6.32,0.608,1.43
2906,510.0,10.89,0.668,3.71
2909,644.0,19.86,0.694,8.85
2910,710.0,18.68,0.707,9.4
2911,568.0,4.63,0.67,1.79
2912,725.0,10.38,0.62,4.58
2913,651.0,10.63,0.64,4.46
2914,632.0,6.43,0.65,2.53
2927,300.0,0.28,0.53,0.046
2931,661.0,17.93,0.74,8.9
2933,696.0,18.0,0.72,9.04
2934,649.0,18.53,0.71,8.49
2936,627.0,15.29,0.72,6.84
2938,639.0,11.63,0.68,5.08
2939,645.0,18.75,0.538,6.51
2940,584.0,17.5,0.538,5.5
2941,628.0,17.38,0.513,5.6
2942,569.0,19.56,0.533,5.93
2943,690.0,6.22,0.7,3.0
2947,700.0,13.8,0.77,7.4
2948,700.0,14.6,0.76,7.8
2949,660.0,15.0,0.74,7.3
2955,620.0,9.35,0.71,4.12
2963,710.0,9.46,0.64,4.31
2964,690.0,10.25,0.61,4.31
2969,672.0,15.0,0.77,7.76
2970,673.0,14.15,0.76,7.23
2971,640.0,7.63,0.72,3.5
2981,635.0,17.8,0.68,7.69
2988,620.0,16.5,0.69,7.05
2991,655.0,14.0,0.68,6.5
2995,520.0,4.5,0.63,1.48
2996,560.0,13.18,0.63,4.68
2997,600.0,15.66,0.65,6.11
2998,600.0,5.39,0.74,2.35
3001,720.0,10.8,0.732,5.7
3003,802.0,6.89,0.75,3.6
3004,936.0,8.0,0.72,3.9
3005,791.0,8.74,0.74,3.7
3008,671.0,13.35,0.693,6.21
3010,709.0,17.84,0.681,8.61
3021,870.0,8.28,0.759,10.93
3023,615.0,13.77,0.705,5.97
3024,672.0,16.91,0.717,8.15
3027,650.0,10.58,0.69,4.72
3029,748.0,10.06,0.68,5.11
3030,622.0,10.0,0.65,4.03
3034,791.0,15.79,0.67,8.38
3038,737.0,15.33,0.755,8.53
3039,591.0,8.6,0.73,3.7
3045,374.0,9.25,0.51,1.77
3051,642.0,13.23,0.711,6.05
3054,582.0,5.89,0.72,2.47
3055,617.0,8.33,0.7,3.6
3056,750.0,12.1,0.64,5.79
3058,762.0,13.0,0.65,6.46
3061,861.0,12.2,0.69,7.25
3063,943.0,13.3,0.7,8.78
3065,845.0,12.7,0.69,7.4
3069,360.0,0.34,0.462,0.06
3071,310.0,0.4,0.532,0.07
3072,530.0,3.52,0.534,1.04
3073,580.0,3.94,0.525,1.25
3075,640.0,5.92,0.526,2.08
3076,676.0,14.12,0.7,6.71
3078,653.0,19.96,0.694,9.03
3080,594.0,2.9,0.68,1.18
3081,664.0,5.42,0.75,2.7
3083,550.0,1.26,0.66,0.46
3091,500.0,7.77,0.59,2.29
3092,470.0,3.51,0.63,1.03
3095,448.0,10.5,0.58,3.5
3096,760.0,3.4,0.71,1.92
3101,543.0,9.2,0.72,3.6
3103,612.0,15.1,0.72,6.7
3114,604.0,17.76,0.57,6.1
3115,559.0,18.07,0.55,5.5
3116,589.0,14.8,0.59,5.11
3119,770.0,16.1,0.66,8.18
3121,474.0,8.9,0.59,3.1
3122,465.0,6.1,0.55,2.0
3123,452.0,7.6,0.59,2.6
3128,723.0,14.8,0.66,7.06
3132,743.0,15.0,0.66,7.36
3136,775.0,15.8,0.66,8.08
3140,473.0,13.39,0.53,3.5
3141,480.0,13.64,0.57,3.75
3144,520.0,13.9,0.57,5.2
3145,499.0,12.7,0.56,4.4
3148,600.0,12.9,0.68,5.3
3150,650.0,17.7,0.76,8.7
3151,634.0,18.63,0.63,7.41
3154,660.0,5.55,0.71,2.6
3155,690.0,8.09,0.68,3.78
3157,630.0,8.15,0.62,3.19
3158,590.0,6.69,0.53,2.08
3159,660.0,7.42,0.68,3.36
3162,620.0,7.33,0.63,2.83
3165,540.0,6.85,0.64,2.35
3167,620.0,5.85,0.68,2.45
3169,590.0,4.4,0.66,1.71
3170,560.0,3.67,0.67,1.36
3171,0.642,14.8,0.71,6.74
3173,0.49,7.7,0.47,1.87
3175,0.458,4.87,0.519,1.22
3186,0.383,4.48,0.52,2.6
3191,442.0,14.95,0.669,4.8
3197,446.0,15.9,0.58,4.6
3198,532.1,8.15,0.72,3.14
3199,531.8,8.91,0.69,3.29
3200,545.1,8.95,0.69,3.39
3203,480.0,12.3,0.61,4.0
3204,492.0,14.5,0.56,4.4
3205,424.0,21.4,0.49,4.9
3208,600.0,5.09,0.69,2.09
3210,600.0,5.4,0.71,2.29
3211,630.0,8.12,0.69,3.53
3213,570.0,6.36,0.68,2.46
3214,590.0,7.13,0.66,2.76
3215,560.0,6.63,0.7,2.65
3216,600.0,7.68,0.67,3.08
3217,620.0,7.5,0.72,3.36
3221,230.0,2.47,0.55,0.32
3223,200.0,0.54,0.36,0.04
3227,500.0,10.1,0.53,2.63
3228,490.0,9.78,0.48,2.29
3230,400.0,6.98,0.56,1.54
3231,390.0,6.45,0.54,1.38
3240,547.0,6.11,0.66,2.21
3245,391.0,9.06,0.55,1.96
3246,530.0,8.42,0.65,2.94
3252,520.0,6.76,0.64,2.23
3336,450.0,1.26,0.75,0.42
3338,480.0,2.06,0.72,0.71
3377,520.0,1.17,0.82,0.65
3379,550.0,1.61,0.74,0.65
3389,520.0,0.78,0.74,0.3
3425,450.0,0.31,0.83,0.11
3558,668.0,11.389,0.7386,5.62
3671,329.0,7.11,0.54,1.26
3672,333.0,7.66,0.52,1.36
3712,510.0,1.84,0.67,0.63
3720,700.0,10.6,0.66,4.9
3846,710.0,5.15,0.68,2.01
3847,710.0,10.01,0.72,4.72
3849,670.0,9.68,0.71,4.47
3861,600.0,9.06,0.7377,6.25
3863,601.0,9.33,0.7358,6.38
3865,730.0,9.85,0.7217,6.66
3866,579.0,7.61,0.732,3.2
3867,584.0,8.9,0.74,3.8
3868,699.0,6.36,0.757,3.4
3869,720.0,6.8,0.67,3.2
3870,750.0,8.3,0.64,4.0
3871,690.0,6.4,0.59,2.7
3872,730.0,7.3,0.63,3.5
3873,520.0,4.48,0.61,1.44
3874,470.0,1.08,0.65,0.33
3875,560.0,3.11,0.72,1.26
3876,550.0,3.87,0.68,1.47
3952,640.0,9.87,0.69,4.41
3953,650.0,9.44,0.7,4.34
3954,650.0,10.05,0.68,4.54
3959,746.0,9.22,0.77,10.4
3961,729.0,9.01,0.78,10.1
3963,695.0,7.8,0.78,8.34
3964,542.0,7.14,0.52,2.03
3966,543.0,8.85,0.56,2.68
3968,657.0,3.87,0.71,1.82
3999,630.0,19.73,0.656,8.15
4001,587.0,15.21,0.713,6.36
4003,600.0,17.11,0.702,7.21
4005,608.0,12.74,0.717,5.55
4007,607.0,16.47,0.702,7.01
4009,740.0,13.4,0.66,6.5
4010,800.0,13.7,0.63,7.0
4011,760.0,12.8,0.65,6.3
4012,700.0,13.2,0.68,6.2
4075,442.0,14.95,0.669,4.8
4077,470.0,5.5,0.46,2.9
4094,390.0,3.85,0.45,1.3
4126,520.0,4.28,0.58,1.6
4128,680.0,5.35,0.6,2.7
4129,680.0,4.68,0.6,2.4
4130,620.0,3.92,0.6,1.8
4131,610.0,3.5,0.6,1.6
4152,620.0,9.7,0.69,4.2
4153,500.0,2.3,0.63,0.9
4176,432.0,9.4,0.578,2.34
4177,422.0,11.12,0.557,2.61
4180,455.0,2.76,0.567,1.7
4181,410.0,1.97,0.527,1.01
4232,580.0,11.01,0.67,4.31
4233,610.0,11.91,0.66,4.83
4234,500.0,3.83,0.65,1.24
4237,590.0,9.83,0.61,3.52
4238,670.0,10.34,0.64,4.43
4239,728.0,14.89,0.7,7.58
4240,915.0,16.04,0.71,7.43
4241,939.0,10.17,0.75,5.31
4243,1450.0,4.77,0.56,3.9
4245,960.0,6.16,0.53,3.1
4246,540.0,1.61,0.68,0.59
4247,650.0,4.42,0.7,2.0
4248,500.0,0.91,0.65,0.3
4249,602.0,2.0,0.72,0.87
4250,725.0,8.02,0.8,9.08
4252,749.0,7.87,0.79,9.1
4276,618.0,2.6,0.6,1.12
4310,511.0,2.23,0.52,0.61
4312,569.0,5.9,0.71,2.4
4313,532.0,4.8,0.74,1.9
4314,673.0,10.7,0.67,4.8
4316,627.0,1.49,0.782,0.73
4317,671.0,1.93,0.761,0.99
4318,760.0,12.25,0.72,6.7
4319,770.0,10.67,0.74,6.07
4320,700.0,14.22,0.6,6.03
4321,800.0,13.09,0.7,7.4
4322,780.0,14.38,0.64,7.17
4323,642.0,12.33,0.64,5.08
4324,733.0,14.7,0.71,7.7
4325,722.0,11.5,0.75,6.2
4326,610.0,10.28,0.7,4.41
4328,620.0,8.01,0.7,3.43
4330,690.0,11.46,0.72,5.69
4332,777.0,14.87,0.63,7.33
4333,816.0,12.61,0.63,6.44
4334,722.0,4.5,0.73,2.4
4335,724.0,6.7,0.74,3.6
4336,760.0,6.22,0.69,3.3
4337,541.0,6.7,0.7,2.5
4338,779.0,10.8,0.75,6.3
4339,610.0,12.7,0.72,5.6
4340,719.0,10.5,0.76,5.8
4341,642.0,11.26,0.68,4.91
4342,642.0,11.45,0.72,5.26
4343,656.0,10.01,0.71,4.67
4344,723.0,14.43,0.68,7.09
4345,735.0,16.45,0.68,8.08
4346,735.0,15.06,0.68,7.47
4349,670.0,14.86,0.62,6.18
4350,640.0,5.73,0.66,2.43
4351,704.0,14.2,0.7141,7.14
4352,723.0,11.78,0.7584,6.46
4353,784.0,9.99,0.782,6.12
4357,733.0,13.7,0.649,6.52
4358,742.0,14.6,0.642,6.95
4359,763.0,15.8,0.634,7.64
4360,710.0,15.6,0.667,7.39
4362,579.0,10.6,0.58,3.54
4363,580.0,10.7,0.58,3.6
4364,558.0,8.56,0.61,2.9
4365,680.0,13.5,0.67,6.15
4366,725.0,14.0,0.68,6.9
4370,640.0,13.0,0.72,5.99
4371,753.0,14.2,0.71,7.59
4372,650.0,10.5,0.65,4.43
4373,657.0,12.46,0.734,6.0
4374,637.0,11.199,0.73,5.209
4375,633.0,9.96,0.711,4.483
4376,654.0,10.08,0.724,4.763
4377,681.0,10.554,0.724,5.194
4382,650.0,9.15,0.67,3.97
4383,670.0,9.44,0.69,4.34
4384,620.0,9.56,0.68,4.03
4385,630.0,9.14,0.68,3.87
4386,660.0,6.77,0.67,2.96
4387,650.0,6.28,0.68,2.79
4388,650.0,7.87,0.67,3.41
4389,650.0,7.63,0.69,3.43
4390,660.0,7.83,0.67,3.46
4391,660.0,7.83,0.68,3.53
4392,680.0,8.64,0.71,4.15
4393,600.0,4.42,0.74,2.0
4394,600.0,2.98,0.55,0.99
4395,590.0,3.36,0.69,1.37
4396,730.0,13.14,0.66,6.36
4398,660.0,6.51,0.7472,3.2
4399,600.0,2.52,0.7407,1.12
4400,600.0,3.51,0.7662,1.61
4402,560.0,3.76,0.74,1.55
4403,590.0,6.95,0.731,2.98
4404,610.0,6.97,0.738,3.12
4405,333.0,13.0,0.582,2.51
4417,620.0,8.25,0.68,3.44
4418,660.0,10.09,0.66,4.44
4419,740.0,14.56,0.68,7.39
4422,651.0,9.93,0.7,4.52
4423,667.0,12.85,0.71,6.09
4424,659.0,12.46,0.69,5.65
4425,641.0,12.37,0.66,5.21
